id,k,eigs,ri,voi
100007,8,2,0.359195,2.577890
100007,8,3,0.633001,2.016564
100007,8,4,0.799716,1.332593
100007,8,5,0.818815,1.399065
100007,8,6,0.706765,1.530701
100007,8,7,0.455126,1.827426
100007,8,8,0.720446,1.574876
100039,11,2,0.302533,2.750385
100039,11,4,0.359706,2.447508
100039,11,6,0.455550,2.077010
100039,11,8,0.457492,2.105297
100039,11,10,0.464609,1.999367
100039,11,11,0.481756,2.005618
100099,6,2,0.231316,2.594734
100099,6,3,0.637292,1.770581
100099,6,4,0.550749,1.611139
100099,6,5,0.556102,1.721989
100099,6,6,0.536918,1.581041
10081,16,2,0.278179,2.765674
10081,16,4,0.459825,2.333678
10081,16,6,0.540682,2.065403
10081,16,8,0.568615,1.798585
10081,16,10,0.325496,2.424131
10081,16,12,0.340021,2.389621
10081,16,14,0.338948,2.335766
10081,16,16,0.374076,2.231468
101027,12,2,0.309238,2.879816
101027,12,4,0.321909,2.568649
101027,12,6,0.339536,2.296903
101027,12,8,0.359595,2.205934
101027,12,10,0.373042,2.195038
101027,12,12,0.340340,2.385287
101084,17,2,0.237791,3.181716
101084,17,4,0.322476,2.774188
101084,17,6,0.593989,2.490984
101084,17,8,0.428719,2.300512
101084,17,10,0.749463,1.969166
101084,17,12,0.752315,1.980880
101084,17,14,0.753157,1.994685
101084,17,16,0.661406,2.129876
101084,17,17,0.634620,2.163816
102062,37,2,0.034848,5.319947
102062,37,6,0.093469,4.116855
102062,37,10,0.106038,3.917102
102062,37,14,0.095536,3.962017
102062,37,18,0.110581,3.821640
102062,37,22,0.096388,3.863308
102062,37,26,0.093945,3.830354
102062,37,30,0.081964,3.865052
102062,37,34,0.138420,3.784363
102062,37,37,0.117144,3.872304
103006,7,2,0.195349,3.007416
103006,7,3,0.217493,2.807637
103006,7,4,0.281541,2.693529
103006,7,5,0.318351,2.736292
103006,7,6,0.479119,2.426489
103006,7,7,0.353181,2.579033
103029,9,2,0.252107,3.253998
103029,9,3,0.347818,2.526884
103029,9,4,0.438294,2.253427
103029,9,5,0.331498,2.602352
103029,9,6,0.401632,2.390875
103029,9,7,0.423433,2.197937
103029,9,8,0.389544,2.316545
103029,9,9,0.421052,2.163188
103078,13,2,0.234157,3.344245
103078,13,4,0.269068,2.971044
103078,13,6,0.310817,2.738195
103078,13,8,0.328542,2.406177
103078,13,10,0.389080,2.337575
103078,13,12,0.360312,2.435185
103078,13,13,0.545275,2.089859
104010,13,2,0.054208,4.098102
104010,13,4,0.089898,3.467757
104010,13,6,0.351472,3.210066
104010,13,8,0.337989,3.257656
104010,13,10,0.328312,3.418552
104010,13,12,0.336490,3.252488
104010,13,13,0.375149,3.100931
104055,16,2,0.191708,2.997357
104055,16,4,0.329233,2.362788
104055,16,6,0.374695,2.227352
104055,16,8,0.324207,2.314371
104055,16,10,0.330385,2.253085
104055,16,12,0.298176,2.339078
104055,16,14,0.267079,2.447236
104055,16,16,0.326430,2.260400
105027,5,2,0.490688,2.099161
105027,5,3,0.361506,2.500287
105027,5,4,0.404951,2.289460
105027,5,5,0.384953,2.177865
106005,7,2,0.374083,2.705680
106005,7,3,0.490697,2.249916
106005,7,4,0.542540,1.905318
106005,7,5,0.561785,1.777669
106005,7,6,0.623768,1.578078
106005,7,7,0.553707,1.899327
106047,4,2,0.548230,1.867237
106047,4,3,0.445386,2.256197
106047,4,4,0.463076,2.142128
107014,19,2,0.046260,5.127048
107014,19,4,0.187460,3.596018
107014,19,6,0.215268,3.414650
107014,19,8,0.228652,3.248875
107014,19,10,0.234614,3.270891
107014,19,12,0.245995,3.153583
107014,19,14,0.269867,3.061074
107014,19,16,0.273635,3.036600
107014,19,18,0.305932,2.775597
107014,19,19,0.293072,2.835829
107045,13,2,0.078061,3.959296
107045,13,4,0.188488,3.184509
107045,13,6,0.212336,3.003115
107045,13,8,0.233776,2.862906
107045,13,10,0.228773,2.826068
107045,13,12,0.229848,2.721998
107045,13,13,0.396357,2.525441
107072,19,2,0.146406,3.862128
107072,19,4,0.167545,3.600974
107072,19,6,0.169197,3.391060
107072,19,8,0.181783,3.318341
107072,19,10,0.181062,3.282169
107072,19,12,0.220037,3.002857
107072,19,14,0.213342,2.981248
107072,19,16,0.213411,3.057023
107072,19,18,0.207764,3.053996
107072,19,19,0.294635,2.875383
108004,5,2,0.571535,1.998390
108004,5,3,0.411189,2.116974
108004,5,4,0.399325,2.122259
108004,5,5,0.345796,2.412673
108036,14,2,0.143172,3.908925
108036,14,4,0.193255,3.577356
108036,14,6,0.231330,3.416773
108036,14,8,0.207676,3.325296
108036,14,10,0.272421,3.112868
108036,14,12,0.276556,3.001647
108036,14,14,0.294943,2.947158
108069,3,2,0.443957,2.272991
108069,3,3,0.542846,1.695557
109055,3,2,0.585743,2.075191
109055,3,3,0.511096,2.193735
112056,4,2,0.625712,1.788721
112056,4,3,0.503909,1.770567
112056,4,4,0.717268,0.995533
112090,25,2,0.095091,5.217423
112090,25,5,0.262472,3.353190
112090,25,8,0.316355,3.205949
112090,25,11,0.354955,3.056488
112090,25,14,0.293435,3.136964
112090,25,17,0.360331,2.997573
112090,25,20,0.294960,3.079926
112090,25,23,0.287510,3.146603
112090,25,25,0.264570,3.160115
117025,20,2,0.118758,4.244332
117025,20,4,0.254325,2.769711
117025,20,6,0.228617,2.783601
117025,20,8,0.268104,2.546894
117025,20,10,0.275731,2.459644
117025,20,12,0.310037,2.404573
117025,20,14,0.310157,2.388772
117025,20,16,0.329230,2.321942
117025,20,18,0.347678,2.222150
117025,20,20,0.347422,2.201747
118015,37,2,0.116099,4.980060
118015,37,6,0.358062,3.250587
118015,37,10,0.598635,2.604470
118015,37,14,0.268930,2.998508
118015,37,18,0.383453,2.716586
118015,37,22,0.380991,2.693072
118015,37,26,0.232142,2.993632
118015,37,30,0.287875,2.849399
118015,37,34,0.239931,2.963871
118015,37,37,0.243942,2.910066
118031,23,2,0.164379,4.172130
118031,23,5,0.296869,3.259819
118031,23,8,0.290562,3.216284
118031,23,11,0.285288,3.051292
118031,23,14,0.317001,2.841840
118031,23,17,0.347450,2.753837
118031,23,20,0.316551,2.765048
118031,23,23,0.354217,2.691442
118072,15,2,0.122983,4.115583
118072,15,4,0.190987,3.411850
118072,15,6,0.216586,3.311733
118072,15,8,0.248337,3.257258
118072,15,10,0.244246,3.200550
118072,15,12,0.244850,3.154475
118072,15,14,0.217955,3.155406
118072,15,15,0.232770,3.084168
120003,29,2,0.172983,4.431798
120003,29,5,0.274944,3.546988
120003,29,8,0.415128,2.825371
120003,29,11,0.417980,2.803502
120003,29,14,0.324466,2.945587
120003,29,17,0.323621,2.921314
120003,29,20,0.393010,2.719047
120003,29,23,0.344762,2.778498
120003,29,26,0.385061,2.760801
120003,29,29,0.358821,2.745274
120093,36,2,0.175956,4.403621
120093,36,6,0.194972,3.514493
120093,36,10,0.208394,3.351721
120093,36,14,0.240795,3.105592
120093,36,18,0.250386,2.960548
120093,36,22,0.263194,2.993625
120093,36,26,0.230179,3.096527
120093,36,30,0.347682,2.846713
120093,36,34,0.270240,2.903144
120093,36,36,0.262214,2.909172
123057,15,2,0.170302,3.848968
123057,15,4,0.337382,2.829837
123057,15,6,0.325915,2.809947
123057,15,8,0.346795,2.658307
123057,15,10,0.381110,2.504148
123057,15,12,0.341842,2.669590
123057,15,14,0.327320,2.695466
123057,15,15,0.348954,2.632001
128035,43,2,0.159507,4.736934
128035,43,7,0.274053,3.448184
128035,43,12,0.251610,3.186518
128035,43,17,0.277598,2.964844
128035,43,22,0.283061,2.953825
128035,43,27,0.315197,2.831717
128035,43,32,0.314230,2.792614
128035,43,37,0.299546,2.841589
128035,43,42,0.308717,2.784476
128035,43,43,0.277017,2.894460
130014,7,2,0.392094,2.717119
130014,7,3,0.520284,2.132886
130014,7,4,0.390257,2.318087
130014,7,5,0.409457,2.300159
130014,7,6,0.401832,2.239905
130014,7,7,0.485659,2.071704
130066,11,2,0.211838,3.308564
130066,11,4,0.310323,2.609727
130066,11,6,0.370536,2.254277
130066,11,8,0.324163,2.418114
130066,11,10,0.322967,2.374460
130066,11,11,0.433115,2.071442
134049,21,2,0.083447,4.947896
134049,21,5,0.215280,3.584019
134049,21,8,0.233381,3.426995
134049,21,11,0.242070,3.224481
134049,21,14,0.173292,3.463075
134049,21,17,0.197008,3.417595
134049,21,20,0.171028,3.443772
134049,21,21,0.184216,3.242231
134067,24,2,0.166750,4.130774
134067,24,5,0.242043,3.510067
134067,24,8,0.254506,3.418094
134067,24,11,0.312286,3.100390
134067,24,14,0.300460,3.174813
134067,24,17,0.299418,3.169484
134067,24,20,0.274815,3.213479
134067,24,23,0.257938,3.293285
134067,24,24,0.245479,3.311805
140006,15,2,0.255006,4.038410
140006,15,4,0.541550,2.922562
140006,15,6,0.725760,2.272322
140006,15,8,0.729751,2.164612
140006,15,10,0.726293,2.126196
140006,15,12,0.722112,2.114378
140006,15,14,0.709515,2.091694
140006,15,15,0.714484,2.070517
140088,22,2,0.214488,4.260612
140088,22,5,0.446897,2.940047
140088,22,8,0.458387,2.782277
140088,22,11,0.562237,2.252234
140088,22,14,0.373850,2.657669
140088,22,17,0.321413,2.762918
140088,22,20,0.363407,2.668785
140088,22,22,0.374813,2.563052
14085,15,2,0.097462,3.777260
14085,15,4,0.118256,3.411626
14085,15,6,0.149262,3.171875
14085,15,8,0.182840,2.956617
14085,15,10,0.216662,2.765334
14085,15,12,0.219328,2.718082
14085,15,14,0.324316,2.673826
14085,15,15,0.256487,2.902887
14092,18,2,0.257718,3.559861
14092,18,4,0.056074,3.572610
14092,18,6,0.363288,3.302726
14092,18,8,0.274466,3.105038
14092,18,10,0.227930,3.082998
14092,18,12,0.080183,3.171657
14092,18,14,0.084933,3.224875
14092,18,16,0.379779,3.063837
14092,18,18,0.391454,2.859196
141012,4,2,0.439330,2.141440
141012,4,3,0.373457,2.420330
141012,4,4,0.557821,1.914916
141048,7,2,0.433874,2.997281
141048,7,3,0.433285,2.834636
141048,7,4,0.466730,2.814503
141048,7,5,0.449513,2.709306
141048,7,6,0.498943,2.206245
141048,7,7,0.516476,2.409937
145059,31,2,0.136959,4.813867
145059,31,6,0.219810,3.738950
145059,31,10,0.285723,3.137648
145059,31,14,0.317839,3.093940
145059,31,18,0.340019,3.048731
145059,31,22,0.330139,2.986223
145059,31,26,0.331472,2.960791
145059,31,30,0.327520,2.932531
145059,31,31,0.327635,2.958950
145079,21,2,0.114408,4.469105
145079,21,5,0.237696,3.298842
145079,21,8,0.282462,3.143377
145079,21,11,0.319890,2.878862
145079,21,14,0.291100,2.845329
145079,21,17,0.236418,3.031452
145079,21,20,0.259437,2.877716
145079,21,21,0.234595,2.932314
146074,38,2,0.159605,4.861365
146074,38,6,0.306647,3.484500
146074,38,10,0.338235,3.252228
146074,38,14,0.370588,3.104775
146074,38,18,0.359814,3.048056
146074,38,22,0.409726,2.906383
146074,38,26,0.392036,2.949394
146074,38,30,0.399333,2.865640
146074,38,34,0.375527,2.869993
146074,38,38,0.379788,2.848805
147077,21,2,0.164398,4.208341
147077,21,5,0.218447,3.631823
147077,21,8,0.248262,3.504083
147077,21,11,0.313329,3.036972
147077,21,14,0.344603,2.900881
147077,21,17,0.351409,2.802040
147077,21,20,0.400661,2.596417
147077,21,21,0.332109,2.758616
147080,28,2,0.139604,4.649508
147080,28,5,0.219724,3.659224
147080,28,8,0.289873,3.202820
147080,28,11,0.323181,2.977233
147080,28,14,0.379066,2.808446
147080,28,17,0.397774,2.719111
147080,28,20,0.392440,2.798295
147080,28,23,0.390711,2.729803
147080,28,26,0.378509,2.577739
147080,28,28,0.340765,2.640685
15011,34,2,0.133881,4.847873
15011,34,6,0.294658,3.379566
15011,34,10,0.250545,3.301261
15011,34,14,0.273669,3.137199
15011,34,18,0.415658,2.915476
15011,34,22,0.435247,2.771593
15011,34,26,0.310131,2.883641
15011,34,30,0.316879,2.835977
15011,34,34,0.321782,2.761523
15062,16,2,0.226661,3.555929
15062,16,4,0.331759,2.962067
15062,16,6,0.409945,2.640837
15062,16,8,0.525881,2.183566
15062,16,10,0.438119,2.237331
15062,16,12,0.524371,2.130308
15062,16,14,0.433210,2.217142
15062,16,16,0.456066,2.083827
156054,44,2,0.072420,4.813139
156054,44,7,0.096514,4.007631
156054,44,12,0.166050,3.513133
156054,44,17,0.125815,3.665569
156054,44,22,0.152398,3.540969
156054,44,27,0.171672,3.441572
156054,44,32,0.131050,3.590397
156054,44,37,0.173305,3.398666
156054,44,42,0.139906,3.470597
156054,44,44,0.126661,3.560831
157032,12,2,0.565980,2.516672
157032,12,4,0.554548,2.012860
157032,12,6,0.297924,2.408443
157032,12,8,0.521286,1.811921
157032,12,10,0.397279,2.064180
157032,12,12,0.570543,1.915683
157087,28,2,0.147924,4.654190
157087,28,5,0.253379,3.738225
157087,28,8,0.333027,3.404022
157087,28,11,0.276575,3.282233
157087,28,14,0.338154,3.019339
157087,28,17,0.317709,3.017101
157087,28,20,0.341400,2.881189
157087,28,23,0.339688,2.837870
157087,28,26,0.307438,2.864055
157087,28,28,0.279681,2.893075
159002,19,2,0.119590,3.616378
159002,19,4,0.160273,3.343697
159002,19,6,0.223267,2.890555
159002,19,8,0.260717,2.686512
159002,19,10,0.269015,2.656552
159002,19,12,0.273530,2.720049
159002,19,14,0.243080,2.761801
159002,19,16,0.254078,2.728275
159002,19,18,0.272655,2.670084
159002,19,19,0.233783,2.762308
159022,7,2,0.457793,2.528641
159022,7,3,0.506842,2.221311
159022,7,4,0.519653,2.146522
159022,7,5,0.441663,2.500607
159022,7,6,0.477685,2.203098
159022,7,7,0.433143,2.464949
160006,18,2,0.261442,3.329303
160006,18,4,0.243246,3.266049
160006,18,6,0.292646,3.080280
160006,18,8,0.322117,2.945327
160006,18,10,0.365241,2.628306
160006,18,12,0.398114,2.504496
160006,18,14,0.319185,2.677499
160006,18,16,0.329338,2.735838
160006,18,18,0.319645,2.720898
16004,36,2,0.122866,5.061217
16004,36,6,0.273713,3.545385
16004,36,10,0.330998,3.203886
16004,36,14,0.376367,2.988621
16004,36,18,0.386375,2.896499
16004,36,22,0.448872,2.715766
16004,36,26,0.413738,2.743010
16004,36,30,0.369154,2.770523
16004,36,34,0.317225,2.806872
16004,36,36,0.294311,2.877498
160067,7,2,0.528954,2.424485
160067,7,3,0.254718,2.455499
160067,7,4,0.606242,2.071129
160067,7,5,0.650394,1.933347
160067,7,6,0.656521,1.736859
160067,7,7,0.583518,1.996720
16068,8,2,0.271235,2.950886
16068,8,3,0.666740,2.151923
16068,8,4,0.277152,2.702788
16068,8,5,0.280256,2.723237
16068,8,6,0.310211,2.614137
16068,8,7,0.298393,2.639546
16068,8,8,0.292754,2.644894
161045,9,2,0.513337,2.794389
161045,9,3,0.323337,2.589724
161045,9,4,0.330365,2.474105
161045,9,5,0.518982,1.912168
161045,9,6,0.540936,1.818826
161045,9,7,0.542490,1.775263
161045,9,8,0.536852,1.790421
161045,9,9,0.514380,1.793681
163004,21,2,0.139825,4.447302
163004,21,5,0.299066,3.184661
163004,21,8,0.304978,3.005657
163004,21,11,0.363560,2.808756
163004,21,14,0.292955,2.972473
163004,21,17,0.297152,2.820084
163004,21,20,0.236989,2.874518
163004,21,21,0.341301,2.754565
163096,16,2,0.196047,3.663653
163096,16,4,0.328251,2.990801
163096,16,6,0.333475,2.785206
163096,16,8,0.343953,2.710864
163096,16,10,0.329494,2.541938
163096,16,12,0.289492,2.736484
163096,16,14,0.273821,2.853782
163096,16,16,0.346760,2.554205
164046,5,2,0.414530,2.336931
164046,5,3,0.414817,2.004852
164046,5,4,0.487815,1.669750
164046,5,5,0.556057,1.515363
168084,14,2,0.288920,3.130925
168084,14,4,0.364746,2.619478
168084,14,6,0.363979,2.637019
168084,14,8,0.354444,2.629800
168084,14,10,0.327261,2.703248
168084,14,12,0.318643,2.693951
168084,14,14,0.465667,2.156079
17067,17,2,0.093699,5.205349
17067,17,4,0.371581,2.991131
17067,17,6,0.389916,2.897773
17067,17,8,0.484202,2.714062
17067,17,10,0.403828,2.834908
17067,17,12,0.433426,2.755810
17067,17,14,0.398774,2.793064
17067,17,16,0.485628,2.517011
17067,17,17,0.397363,2.623080
175083,8,2,0.253766,3.234409
175083,8,3,0.506316,2.198572
175083,8,4,0.272384,2.513691
175083,8,5,0.229756,2.644077
175083,8,6,0.252173,2.530942
175083,8,7,0.424042,2.412701
175083,8,8,0.486295,2.273193
176051,5,2,0.429576,2.058209
176051,5,3,0.556464,1.755729
176051,5,4,0.526939,1.822394
176051,5,5,0.628620,1.619333
179084,19,2,0.269833,2.999457
179084,19,4,0.319470,2.722381
179084,19,6,0.395865,2.419436
179084,19,8,0.500190,2.231741
179084,19,10,0.563496,1.923124
179084,19,12,0.582635,1.873085
179084,19,14,0.559882,1.956706
179084,19,16,0.397103,2.241307
179084,19,18,0.418772,2.255173
179084,19,19,0.499358,2.054101
181021,22,2,0.074497,4.074261
181021,22,5,0.324021,3.473142
181021,22,8,0.321832,3.408265
181021,22,11,0.345355,3.047568
181021,22,14,0.366027,2.873639
181021,22,17,0.336415,3.156699
181021,22,20,0.328391,3.124345
181021,22,22,0.326049,3.222535
183066,8,2,0.168124,3.411741
183066,8,3,0.267598,2.725428
183066,8,4,0.267117,2.695610
183066,8,5,0.249235,2.634429
183066,8,6,0.301015,2.377645
183066,8,7,0.299748,2.363335
183066,8,8,0.517050,2.197193
185092,20,2,0.211259,3.759643
185092,20,4,0.435167,2.490272
185092,20,6,0.382184,2.519736
185092,20,8,0.282742,2.796251
185092,20,10,0.295105,2.641230
185092,20,12,0.322532,2.561040
185092,20,14,0.348853,2.347849
185092,20,16,0.337458,2.410721
185092,20,18,0.429971,2.167040
185092,20,20,0.460811,1.934839
187058,22,2,0.076570,4.473384
187058,22,5,0.136721,3.853809
187058,22,8,0.164894,3.475227
187058,22,11,0.148184,3.489150
187058,22,14,0.154876,3.493153
187058,22,17,0.140722,3.348779
187058,22,20,0.148298,3.338333
187058,22,22,0.287285,3.211713
187099,29,2,0.091496,4.941169
187099,29,5,0.168295,4.006892
187099,29,8,0.189211,3.754605
187099,29,11,0.189554,3.744479
187099,29,14,0.169937,3.744615
187099,29,17,0.194710,3.661944
187099,29,20,0.167069,3.782468
187099,29,23,0.179861,3.583709
187099,29,26,0.174402,3.593770
187099,29,29,0.168521,3.699967
188025,42,2,0.104699,4.754388
188025,42,7,0.179714,3.868608
188025,42,12,0.186612,3.622345
188025,42,17,0.158840,3.654580
188025,42,22,0.177574,3.510243
188025,42,27,0.165750,3.476486
188025,42,32,0.181138,3.400263
188025,42,37,0.219916,3.287170
188025,42,42,0.196365,3.302533
189006,33,2,0.130524,4.464391
189006,33,6,0.284258,3.003489
189006,33,10,0.369982,2.632131
189006,33,14,0.371816,2.623497
189006,33,18,0.259347,2.939732
189006,33,22,0.283455,2.779728
189006,33,26,0.246149,2.877240
189006,33,30,0.254669,2.833426
189006,33,33,0.214223,2.975077
189013,23,2,0.143856,4.157088
189013,23,5,0.145465,3.685502
189013,23,8,0.259609,3.195668
189013,23,11,0.278965,2.981658
189013,23,14,0.237718,2.983398
189013,23,17,0.336764,2.751419
189013,23,20,0.313590,2.844046
189013,23,23,0.389071,2.636386
189029,22,2,0.150607,4.494223
189029,22,5,0.361553,3.079583
189029,22,8,0.399044,2.687901
189029,22,11,0.364281,2.657446
189029,22,14,0.406856,2.472420
189029,22,17,0.431355,2.445450
189029,22,20,0.390930,2.433220
189029,22,22,0.349275,2.494496
189096,25,2,0.177405,4.137009
189096,25,5,0.208979,3.517711
189096,25,8,0.328037,3.062551
189096,25,11,0.325767,3.025052
189096,25,14,0.293186,3.090687
189096,25,17,0.302191,3.030021
189096,25,20,0.188458,3.229678
189096,25,23,0.282995,2.989413
189096,25,25,0.307356,2.888797
196027,8,2,0.566893,2.031649
196027,8,3,0.573663,2.021215
196027,8,4,0.577900,1.998189
196027,8,5,0.399122,2.489673
196027,8,6,0.470767,2.286975
196027,8,7,0.467193,2.379416
196027,8,8,0.508487,2.125984
196040,56,2,0.027347,6.534567
196040,56,8,0.219299,3.595803
196040,56,14,0.194015,3.744536
196040,56,20,0.207873,3.621914
196040,56,26,0.178310,3.746555
196040,56,32,0.184296,3.738675
196040,56,38,0.169116,3.764098
196040,56,44,0.175350,3.723888
196040,56,50,0.188265,3.647865
196040,56,56,0.183214,3.647544
196062,8,2,0.300625,3.391841
196062,8,3,0.336794,2.753877
196062,8,4,0.347834,2.679809
196062,8,5,0.439041,2.353022
196062,8,6,0.416171,2.420166
196062,8,7,0.401121,2.224335
196062,8,8,0.508273,2.048645
196088,11,2,0.080847,4.035665
196088,11,4,0.195445,3.009661
196088,11,6,0.184090,3.038995
196088,11,8,0.207661,2.977647
196088,11,10,0.176603,3.253597
196088,11,11,0.276106,3.032948
198087,60,2,0.124520,4.806109
198087,60,8,0.227092,3.581815
198087,60,14,0.220348,3.392792
198087,60,20,0.219247,3.322915
198087,60,26,0.304088,2.986473
198087,60,32,0.267623,3.054498
198087,60,38,0.299913,2.917780
198087,60,44,0.251280,3.025629
198087,60,50,0.228359,3.054297
198087,60,56,0.247406,3.001100
198087,60,60,0.241494,2.994434
20069,15,2,0.259994,3.335473
20069,15,4,0.366572,2.849746
20069,15,6,0.409965,2.617702
20069,15,8,0.441429,2.509653
20069,15,10,0.334108,2.523069
20069,15,12,0.376576,2.383572
20069,15,14,0.299561,2.622669
20069,15,15,0.337048,2.488364
201080,19,2,0.315419,3.137611
201080,19,4,0.613885,2.155276
201080,19,6,0.619849,2.063933
201080,19,8,0.893675,1.496849
201080,19,10,0.895496,1.488305
201080,19,12,0.886973,1.499381
201080,19,14,0.387859,2.159043
201080,19,16,0.340863,2.378200
201080,19,18,0.630727,1.923072
201080,19,19,0.754568,1.823436
2018,14,2,0.226179,3.309901
2018,14,4,0.332495,2.887793
2018,14,6,0.440571,2.664457
2018,14,8,0.356063,2.728748
2018,14,10,0.338160,2.698222
2018,14,12,0.346521,2.490614
2018,14,14,0.377486,2.337956
202000,11,2,0.341791,2.774001
202000,11,4,0.484640,1.929206
202000,11,6,0.671880,1.478477
202000,11,8,0.523910,1.644930
202000,11,10,0.403660,1.994387
202000,11,11,0.488863,1.717396
206062,25,2,0.153542,4.311728
206062,25,5,0.233742,3.543961
206062,25,8,0.368743,3.187833
206062,25,11,0.290047,2.894547
206062,25,14,0.380315,2.548577
206062,25,17,0.301353,2.821489
206062,25,20,0.356173,2.563081
206062,25,23,0.335454,2.646316
206062,25,25,0.357194,2.483789
206097,19,2,0.103853,4.649598
206097,19,4,0.196246,3.676409
206097,19,6,0.327815,2.981571
206097,19,8,0.363918,2.734913
206097,19,10,0.199255,3.200672
206097,19,12,0.191643,3.116744
206097,19,14,0.204295,3.027630
206097,19,16,0.254868,2.846040
206097,19,18,0.242778,2.851517
206097,19,19,0.236150,2.902952
207038,18,2,0.047984,5.492713
207038,18,4,0.314029,3.307950
207038,18,6,0.321353,3.179663
207038,18,8,0.317302,3.166093
207038,18,10,0.421595,2.698206
207038,18,12,0.350896,2.976071
207038,18,14,0.326161,2.996429
207038,18,16,0.344225,2.840613
207038,18,18,0.313376,2.890150
207049,13,2,0.169661,3.928346
207049,13,4,0.302813,2.843879
207049,13,6,0.318510,2.722430
207049,13,8,0.288621,2.937410
207049,13,10,0.335892,2.775433
207049,13,12,0.314619,2.744005
207049,13,13,0.304841,2.801344
208078,12,2,0.200089,3.772857
208078,12,4,0.234540,3.402091
208078,12,6,0.100435,3.550546
208078,12,8,0.129556,3.485341
208078,12,10,0.233130,3.432928
208078,12,12,0.249490,3.231132
209021,10,2,0.193100,3.763725
209021,10,3,0.267191,3.330416
209021,10,4,0.266551,3.348319
209021,10,5,0.290661,3.185890
209021,10,6,0.293217,3.176161
209021,10,7,0.347700,2.939821
209021,10,8,0.317927,3.068112
209021,10,9,0.317525,3.007256
209021,10,10,0.307809,2.943691
217013,18,2,0.221789,3.730704
217013,18,4,0.378142,2.930909
217013,18,6,0.347083,2.837392
217013,18,8,0.276948,3.092020
217013,18,10,0.298408,2.956260
217013,18,12,0.319602,2.695911
217013,18,14,0.313595,2.856920
217013,18,16,0.297291,2.854300
217013,18,18,0.253992,2.931854
217090,13,2,0.208800,3.786057
217090,13,4,0.361744,3.002150
217090,13,6,0.380162,2.849575
217090,13,8,0.457974,2.934866
217090,13,10,0.289954,3.021438
217090,13,12,0.281704,2.995151
217090,13,13,0.325200,2.816133
220003,33,2,0.025448,5.364908
220003,33,6,0.102456,3.816894
220003,33,10,0.125459,3.600623
220003,33,14,0.143121,3.392335
220003,33,18,0.197363,3.095435
220003,33,22,0.182071,3.143048
220003,33,26,0.145294,3.276660
220003,33,30,0.093582,3.416943
220003,33,33,0.133532,3.292705
223004,18,2,0.123289,4.358048
223004,18,4,0.246061,3.291883
223004,18,6,0.316115,2.905543
223004,18,8,0.467131,2.639425
223004,18,10,0.271640,2.935696
223004,18,12,0.329355,2.754476
223004,18,14,0.314617,2.805938
223004,18,16,0.295297,2.690082
223004,18,18,0.319735,2.623355
223060,15,2,0.160219,3.825017
223060,15,4,0.261810,2.994021
223060,15,6,0.251357,2.847781
223060,15,8,0.263165,2.807602
223060,15,10,0.277399,2.814761
223060,15,12,0.270201,2.676489
223060,15,14,0.283589,2.559242
223060,15,15,0.270660,2.659370
225022,19,2,0.055782,4.255085
225022,19,4,0.156556,3.025180
225022,19,6,0.216335,2.646544
225022,19,8,0.222204,2.618965
225022,19,10,0.245626,2.692225
225022,19,12,0.201817,2.664112
225022,19,14,0.205469,2.673530
225022,19,16,0.199397,2.606939
225022,19,18,0.167550,2.818905
225022,19,19,0.176639,2.750117
226022,28,2,0.066493,4.391913
226022,28,5,0.079062,3.980517
226022,28,8,0.100427,3.645001
226022,28,11,0.248144,3.433412
226022,28,14,0.094831,3.578941
226022,28,17,0.369874,3.281839
226022,28,20,0.353389,3.284435
226022,28,23,0.351796,3.113238
226022,28,26,0.344952,3.121681
226022,28,28,0.347049,3.100721
226033,29,2,0.072763,4.876026
226033,29,5,0.134495,3.582858
226033,29,8,0.143451,3.573076
226033,29,11,0.214984,3.074012
226033,29,14,0.211816,3.027198
226033,29,17,0.237873,2.827524
226033,29,20,0.242661,2.777946
226033,29,23,0.233275,2.837004
226033,29,26,0.251571,2.706957
226033,29,29,0.489857,2.390588
226043,61,2,0.071043,6.064834
226043,61,9,0.113148,4.585182
226043,61,16,0.125505,4.379583
226043,61,23,0.138613,4.162222
226043,61,30,0.076353,4.396050
226043,61,37,0.090683,4.304566
226043,61,44,0.080263,4.287303
226043,61,51,0.088833,4.224261
226043,61,58,0.075493,4.094970
226043,61,61,0.059661,4.156741
226060,41,2,0.111935,4.927471
226060,41,7,0.220191,3.602353
226060,41,12,0.300358,3.175288
226060,41,17,0.364593,2.950865
226060,41,22,0.359117,2.825722
226060,41,27,0.337413,2.937504
226060,41,32,0.330192,2.938433
226060,41,37,0.301949,2.948789
226060,41,41,0.290043,2.946443
228076,22,2,0.231305,3.384422
228076,22,5,0.467155,2.269212
228076,22,8,0.770408,1.724510
228076,22,11,0.821288,1.565897
228076,22,14,0.362422,2.315823
228076,22,17,0.415765,2.206465
228076,22,20,0.415935,2.131007
228076,22,22,0.413591,2.143820
230063,33,2,0.128204,4.708335
230063,33,6,0.267756,3.539940
230063,33,10,0.328333,3.090611
230063,33,14,0.413189,2.938141
230063,33,18,0.434005,2.794215
230063,33,22,0.285114,2.914436
230063,33,26,0.262444,3.095242
230063,33,30,0.246958,3.118658
230063,33,33,0.260295,3.045352
230098,18,2,0.153085,4.334280
230098,18,4,0.306239,3.097438
230098,18,6,0.333303,2.948651
230098,18,8,0.367688,2.836654
230098,18,10,0.354308,2.768821
230098,18,12,0.350950,2.746094
230098,18,14,0.333774,2.819152
230098,18,16,0.325319,2.807468
230098,18,18,0.319009,2.839873
23050,60,2,0.120012,5.452755
23050,60,8,0.231085,4.001669
23050,60,14,0.298042,3.642342
23050,60,20,0.316693,3.364189
23050,60,26,0.419166,3.072677
23050,60,32,0.358552,3.006103
23050,60,38,0.339858,3.024817
23050,60,44,0.287796,3.036947
23050,60,50,0.289997,2.954566
23050,60,56,0.283784,3.010983
23050,60,60,0.278879,3.000034
232076,6,2,0.325880,2.653553
232076,6,3,0.462579,2.417911
232076,6,4,0.466971,2.286543
232076,6,5,0.596375,2.131892
232076,6,6,0.573517,2.190585
235098,41,2,0.163838,4.695410
235098,41,7,0.290817,3.039076
235098,41,12,0.247107,3.049394
235098,41,17,0.316861,2.806438
235098,41,22,0.359055,2.679927
235098,41,27,0.418988,2.518254
235098,41,32,0.416471,2.507821
235098,41,37,0.358093,2.518816
235098,41,41,0.353906,2.485950
238025,8,2,0.190070,2.969060
238025,8,3,0.691394,1.713971
238025,8,4,0.542680,2.399553
238025,8,5,0.704886,1.576299
238025,8,6,0.704794,1.758691
238025,8,7,0.689773,1.728703
238025,8,8,0.688235,1.721902
243095,43,2,0.162575,5.854811
243095,43,7,0.384428,3.356783
243095,43,12,0.500511,2.987330
243095,43,17,0.466854,2.985659
243095,43,22,0.466808,2.909399
243095,43,27,0.464755,2.925865
243095,43,32,0.514010,2.760759
243095,43,37,0.504701,2.715770
243095,43,42,0.385471,2.907696
243095,43,43,0.491976,2.707819
246009,7,2,0.248485,2.797975
246009,7,3,0.282360,2.358864
246009,7,4,0.266074,2.476472
246009,7,5,0.243836,2.572788
246009,7,6,0.254944,2.335301
246009,7,7,0.197288,2.690595
247003,23,2,0.002662,4.969139
247003,23,5,0.078246,3.729453
247003,23,8,0.063385,3.874184
247003,23,11,0.060694,3.884729
247003,23,14,0.074768,3.700339
247003,23,17,0.085682,3.541969
247003,23,20,0.062046,3.675015
247003,23,23,0.070161,3.622114
247012,12,2,0.113001,3.570671
247012,12,4,0.248152,2.809770
247012,12,6,0.227307,2.862114
247012,12,8,0.248703,2.720146
247012,12,10,0.232007,2.743544
247012,12,12,0.510856,2.478189
249021,28,2,0.089100,4.566012
249021,28,5,0.215931,3.714798
249021,28,8,0.272387,3.347109
249021,28,11,0.432187,2.922936
249021,28,14,0.409873,3.014243
249021,28,17,0.497374,2.874669
249021,28,20,0.300615,3.050331
249021,28,23,0.223412,3.211785
249021,28,26,0.267734,3.097313
249021,28,28,0.287351,2.977567
250047,11,2,0.314041,3.596608
250047,11,4,0.436402,2.761324
250047,11,6,0.461450,2.506525
250047,11,8,0.476257,2.455329
250047,11,10,0.461941,2.493385
250047,11,11,0.471840,2.354249
250087,27,2,0.129988,4.946987
250087,27,5,0.305925,3.218390
250087,27,8,0.418208,2.536789
250087,27,11,0.507290,2.421245
250087,27,14,0.524745,2.371959
250087,27,17,0.319344,2.638296
250087,27,20,0.345925,2.577348
250087,27,23,0.357945,2.557780
250087,27,26,0.366782,2.441568
250087,27,27,0.391774,2.409700
253016,38,2,0.034887,6.716275
253016,38,6,0.187101,4.103935
253016,38,10,0.229769,3.639845
253016,38,14,0.246343,3.529449
253016,38,18,0.272114,3.274990
253016,38,22,0.284783,3.129880
253016,38,26,0.269612,3.174569
253016,38,30,0.245126,3.162873
253016,38,34,0.234377,3.187658
253016,38,38,0.189051,3.345121
253092,8,2,0.335207,3.186617
253092,8,3,0.341734,3.167745
253092,8,4,0.386510,2.962350
253092,8,5,0.381420,3.050233
253092,8,6,0.390527,2.969348
253092,8,7,0.385348,2.931962
253092,8,8,0.385031,2.940696
257098,15,2,0.188115,3.277621
257098,15,4,0.246760,2.995783
257098,15,6,0.335161,2.704641
257098,15,8,0.376314,2.533985
257098,15,10,0.364689,2.552072
257098,15,12,0.356496,2.647557
257098,15,14,0.294233,2.753544
257098,15,15,0.298512,2.672044
258089,43,2,0.109416,4.953162
258089,43,7,0.203525,3.853282
258089,43,12,0.215591,3.693692
258089,43,17,0.232983,3.435073
258089,43,22,0.219160,3.365676
258089,43,27,0.248809,3.234892
258089,43,32,0.199952,3.412215
258089,43,37,0.202092,3.368887
258089,43,42,0.179834,3.350803
258089,43,43,0.194669,3.282276
259060,20,2,0.129712,4.937825
259060,20,4,0.294463,3.436267
259060,20,6,0.335894,3.103546
259060,20,8,0.419522,2.856477
259060,20,10,0.409078,2.757131
259060,20,12,0.454627,2.651464
259060,20,14,0.418788,2.674032
259060,20,16,0.441029,2.544086
259060,20,18,0.436444,2.464650
259060,20,20,0.412945,2.491113
267036,27,2,0.184135,4.106229
267036,27,5,0.290169,3.204234
267036,27,8,0.404526,2.766997
267036,27,11,0.356199,2.786859
267036,27,14,0.395355,2.742609
267036,27,17,0.313636,2.954389
267036,27,20,0.288289,3.041730
267036,27,23,0.298477,2.990498
267036,27,26,0.300931,2.960964
267036,27,27,0.340602,2.874106
268048,20,2,0.095529,4.157547
268048,20,4,0.146186,3.570536
268048,20,6,0.182882,3.343903
268048,20,8,0.159995,3.420539
268048,20,10,0.230140,3.236624
268048,20,12,0.242888,3.143636
268048,20,14,0.238137,3.163581
268048,20,16,0.245337,3.147985
268048,20,18,0.283357,2.853953
268048,20,20,0.240741,2.944620
268074,14,2,0.065402,4.193399
268074,14,4,0.198586,3.309506
268074,14,6,0.299887,3.130027
268074,14,8,0.221704,3.250880
268074,14,10,0.198597,3.341875
268074,14,12,0.182786,3.414656
268074,14,14,0.259438,3.233683
277053,32,2,0.118195,4.382784
277053,32,6,0.152288,3.753491
277053,32,10,0.239209,3.263495
277053,32,14,0.249961,3.216495
277053,32,18,0.257757,3.180880
277053,32,22,0.152643,3.471042
277053,32,26,0.182912,3.302371
277053,32,30,0.169224,3.336978
277053,32,32,0.147197,3.416487
279005,13,2,0.353060,2.521888
279005,13,4,0.376863,2.464867
279005,13,6,0.499826,2.059653
279005,13,8,0.524700,1.833000
279005,13,10,0.532237,1.764762
279005,13,12,0.521011,1.745520
279005,13,13,0.621494,1.417531
28083,18,2,0.125400,4.200917
28083,18,4,0.288144,2.788891
28083,18,6,0.460432,2.318861
28083,18,8,0.491653,2.274561
28083,18,10,0.280942,2.686746
28083,18,12,0.349805,2.430390
28083,18,14,0.346492,2.441494
28083,18,16,0.410815,2.197901
28083,18,18,0.419505,2.103815
281017,22,2,0.200822,3.929870
281017,22,5,0.439452,2.717246
281017,22,8,0.700781,2.006790
281017,22,11,0.392555,2.423790
281017,22,14,0.542542,1.983223
281017,22,17,0.452300,2.195816
281017,22,20,0.439199,2.227656
281017,22,22,0.454945,2.145887
285022,12,2,0.350909,2.469022
285022,12,4,0.475168,1.881454
285022,12,6,0.408430,1.986594
285022,12,8,0.502744,2.028571
285022,12,10,0.499300,1.949666
285022,12,12,0.483046,1.883149
288024,40,2,0.135949,4.627567
288024,40,6,0.204418,3.786776
288024,40,10,0.272733,3.625064
288024,40,14,0.358825,3.350145
288024,40,18,0.299000,3.463583
288024,40,22,0.264947,3.502891
288024,40,26,0.227247,3.588732
288024,40,30,0.245376,3.466423
288024,40,34,0.269093,3.352541
288024,40,38,0.221549,3.502861
288024,40,40,0.236529,3.441171
289011,24,2,0.156714,3.909414
289011,24,5,0.280216,3.233949
289011,24,8,0.242516,3.160014
289011,24,11,0.280843,3.013552
289011,24,14,0.274188,2.978255
289011,24,17,0.260054,2.986568
289011,24,20,0.357375,2.809396
289011,24,23,0.313708,2.789577
289011,24,24,0.284501,2.919279
290035,37,2,0.040015,5.601479
290035,37,6,0.112120,4.069388
290035,37,10,0.154861,3.600036
290035,37,14,0.180028,3.303030
290035,37,18,0.199047,3.179931
290035,37,22,0.179122,3.193071
290035,37,26,0.211998,3.021566
290035,37,30,0.235025,2.909023
290035,37,34,0.239156,2.910838
290035,37,37,0.208678,3.022227
29030,21,2,0.146330,3.738576
29030,21,5,0.187671,3.309023
29030,21,8,0.187581,3.163077
29030,21,11,0.142651,3.360915
29030,21,14,0.189827,3.097464
29030,21,17,0.120029,3.334243
29030,21,20,0.118989,3.273594
29030,21,21,0.140389,3.244443
296028,12,2,0.262420,3.691362
296028,12,4,0.554514,2.208534
296028,12,6,0.561178,2.039973
296028,12,8,0.574066,2.025690
296028,12,10,0.555051,1.884984
296028,12,12,0.551477,1.875612
296058,22,2,0.204479,4.025364
296058,22,5,0.315653,3.195487
296058,22,8,0.367605,3.010501
296058,22,11,0.341730,3.023764
296058,22,14,0.293398,3.084388
296058,22,17,0.270541,3.150745
296058,22,20,0.263133,3.158785
296058,22,22,0.269308,3.068077
302022,11,2,0.346330,2.623560
302022,11,4,0.432753,1.991758
302022,11,6,0.565297,1.698649
302022,11,8,0.439355,1.902336
302022,11,10,0.372073,2.041581
302022,11,11,0.379370,2.054978
306051,13,2,0.211333,3.297137
306051,13,4,0.293193,2.750154
306051,13,6,0.349563,2.457859
306051,13,8,0.406252,2.140452
306051,13,10,0.375608,2.297557
306051,13,12,0.306198,2.510623
306051,13,13,0.306104,2.508848
306052,5,2,0.586230,1.755746
306052,5,3,0.583605,1.756984
306052,5,4,0.665999,1.498139
306052,5,5,0.683194,1.340410
3063,6,2,0.458558,1.998110
3063,6,3,0.388972,2.094789
3063,6,4,0.403437,2.070098
3063,6,5,0.382552,2.206699
3063,6,6,0.398261,2.014868
309040,47,2,0.103173,5.576068
309040,47,7,0.193342,4.177146
309040,47,12,0.240736,3.817061
309040,47,17,0.252798,3.651894
309040,47,22,0.277744,3.448673
309040,47,27,0.308016,3.178902
309040,47,32,0.298371,3.119342
309040,47,37,0.290099,3.144448
309040,47,42,0.240591,3.258002
309040,47,47,0.232779,3.276790
317043,11,2,0.113905,3.570745
317043,11,4,0.310269,3.306072
317043,11,6,0.312668,3.134785
317043,11,8,0.311794,2.955052
317043,11,10,0.311001,2.852411
317043,11,11,0.313032,2.808739
326025,8,2,0.413137,3.156743
326025,8,3,0.551311,2.572586
326025,8,4,0.552121,2.381068
326025,8,5,0.549865,2.223000
326025,8,6,0.543936,2.340297
326025,8,7,0.559799,2.149271
326025,8,8,0.623453,1.961090
326085,10,2,0.266203,3.471451
326085,10,3,0.315577,2.998105
326085,10,4,0.265842,2.736066
326085,10,5,0.399441,2.491639
326085,10,6,0.390639,2.119785
326085,10,7,0.405291,2.077512
326085,10,8,0.345890,2.263776
326085,10,9,0.353571,2.214242
326085,10,10,0.388608,2.006934
33044,8,2,0.191903,3.429262
33044,8,3,0.357926,2.695825
33044,8,4,0.351408,2.465265
33044,8,5,0.438922,2.301980
33044,8,6,0.393784,2.326824
33044,8,7,0.396323,2.301437
33044,8,8,0.374165,2.309993
334025,9,2,0.415963,2.372587
334025,9,3,0.453113,2.179847
334025,9,4,0.585179,1.848516
334025,9,5,0.548001,1.865499
334025,9,6,0.579942,1.794589
334025,9,7,0.603510,1.685343
334025,9,8,0.660601,1.506519
334025,9,9,0.598061,1.513246
335088,27,2,0.106678,4.893347
335088,27,5,0.142866,4.422745
335088,27,8,0.155319,4.257177
335088,27,11,0.180967,4.172021
335088,27,14,0.212415,3.842218
335088,27,17,0.204160,3.950642
335088,27,20,0.195138,3.977268
335088,27,23,0.170527,3.982610
335088,27,26,0.166493,3.966283
335088,27,27,0.165806,3.874752
335094,21,2,0.115639,4.701566
335094,21,5,0.249116,3.367119
335094,21,8,0.284820,3.153974
335094,21,11,0.245381,3.185183
335094,21,14,0.223051,3.259823
335094,21,17,0.242219,3.204002
335094,21,20,0.242735,3.223388
335094,21,21,0.244717,3.253424
344010,20,2,0.156958,3.909294
344010,20,4,0.266752,3.018669
344010,20,6,0.352559,2.527696
344010,20,8,0.408422,2.326323
344010,20,10,0.412186,2.317592
344010,20,12,0.443667,2.207697
344010,20,14,0.368555,2.396627
344010,20,16,0.390664,2.344076
344010,20,18,0.361549,2.451270
344010,20,20,0.404391,2.217190
346016,12,2,0.206327,3.650477
346016,12,4,0.314894,2.906364
346016,12,6,0.289763,2.761926
346016,12,8,0.252289,2.784548
346016,12,10,0.306253,2.751137
346016,12,12,0.265170,2.684732
347031,12,2,0.199992,3.769285
347031,12,4,0.459594,2.215741
347031,12,6,0.556772,1.935254
347031,12,8,0.549891,1.934129
347031,12,10,0.550343,1.970657
347031,12,12,0.543885,1.890594
35028,14,2,0.279923,2.929798
35028,14,4,0.367960,2.475799
35028,14,6,0.397124,2.449952
35028,14,8,0.447773,2.266142
35028,14,10,0.538196,2.074073
35028,14,12,0.441848,2.077888
35028,14,14,0.407931,2.227947
35049,11,2,0.204194,2.903718
35049,11,4,0.304668,2.316290
35049,11,6,0.478345,2.309286
35049,11,8,0.471802,2.350046
35049,11,10,0.415742,2.440497
35049,11,11,0.478412,2.329214
36046,12,2,0.305295,2.724201
36046,12,4,0.505298,1.983445
36046,12,6,0.765272,1.525834
36046,12,8,0.857159,1.308460
36046,12,10,0.462792,1.899041
36046,12,12,0.453923,1.793624
365072,19,2,0.235548,4.248778
365072,19,4,0.303432,3.191596
365072,19,6,0.371727,2.828638
365072,19,8,0.415005,2.743583
365072,19,10,0.415088,2.595513
365072,19,12,0.426637,2.493466
365072,19,14,0.486385,2.376158
365072,19,16,0.491401,2.352581
365072,19,18,0.547111,2.243898
365072,19,19,0.348064,2.558992
368037,30,2,0.146587,4.529891
368037,30,5,0.207127,3.826697
368037,30,8,0.252875,3.296021
368037,30,11,0.280871,3.191896
368037,30,14,0.296100,3.115102
368037,30,17,0.392323,2.708563
368037,30,20,0.364318,2.717903
368037,30,23,0.445189,2.503400
368037,30,26,0.400659,2.537515
368037,30,29,0.384117,2.597485
368037,30,30,0.430173,2.488145
372019,13,2,0.234763,3.555084
372019,13,4,0.383002,2.524797
372019,13,6,0.604438,1.794568
372019,13,8,0.626999,1.660423
372019,13,10,0.765909,1.448479
372019,13,12,0.475555,1.743297
372019,13,13,0.390505,2.097674
376086,15,2,0.102694,4.440424
376086,15,4,0.252162,3.385841
376086,15,6,0.270484,3.156649
376086,15,8,0.298766,2.995625
376086,15,10,0.346434,2.811170
376086,15,12,0.314148,2.850782
376086,15,14,0.257918,2.851854
376086,15,15,0.248925,2.906195
384022,9,2,0.280544,2.848916
384022,9,3,0.439181,1.907553
384022,9,4,0.654213,1.505873
384022,9,5,0.744748,1.244607
384022,9,6,0.719993,1.353493
384022,9,7,0.510356,1.638585
384022,9,8,0.661190,1.248023
384022,9,9,0.586788,1.441852
384089,23,2,0.260394,3.535322
384089,23,5,0.361064,2.837300
384089,23,8,0.302134,2.737347
384089,23,11,0.333236,2.564913
384089,23,14,0.314945,2.638882
384089,23,17,0.343732,2.493843
384089,23,20,0.326199,2.546580
384089,23,23,0.413197,2.282936
385022,17,2,0.094826,4.696687
385022,17,4,0.207471,3.457226
385022,17,6,0.266502,3.012510
385022,17,8,0.309552,2.819198
385022,17,10,0.337863,2.710658
385022,17,12,0.320987,2.748407
385022,17,14,0.347498,2.604348
385022,17,16,0.345950,2.580220
385022,17,17,0.331390,2.492942
388006,14,2,0.133683,3.689843
388006,14,4,0.414954,2.185321
388006,14,6,0.384476,2.204286
388006,14,8,0.477308,1.857822
388006,14,10,0.489922,1.762052
388006,14,12,0.432484,1.920108
388006,14,14,0.472715,1.842959
388018,39,2,0.150093,4.924244
388018,39,6,0.255006,3.613363
388018,39,10,0.324778,3.277553
388018,39,14,0.300512,3.262740
388018,39,18,0.378183,3.025822
388018,39,22,0.403568,2.809940
388018,39,26,0.373463,2.816095
388018,39,30,0.402668,2.755269
388018,39,34,0.354102,2.749639
388018,39,38,0.382010,2.732934
388018,39,39,0.355932,2.714185
388067,56,2,0.145781,5.065469
388067,56,8,0.294116,3.582845
388067,56,14,0.331339,3.270570
388067,56,20,0.432692,2.760467
388067,56,26,0.387476,2.808755
388067,56,32,0.387452,2.752641
388067,56,38,0.425642,2.675329
388067,56,44,0.354054,2.769460
388067,56,50,0.346878,2.719421
388067,56,56,0.338095,2.694704
393035,28,2,0.229545,4.561326
393035,28,5,0.485371,3.024942
393035,28,8,0.493291,2.830997
393035,28,11,0.687207,2.430292
393035,28,14,0.292146,2.940346
393035,28,17,0.333966,2.847000
393035,28,20,0.329401,2.869203
393035,28,23,0.335705,2.790450
393035,28,26,0.424902,2.593257
393035,28,28,0.414242,2.610082
41006,6,2,0.468235,2.377232
41006,6,3,0.564678,2.128467
41006,6,4,0.624791,1.870168
41006,6,5,0.491691,2.199888
41006,6,6,0.529170,2.032436
41029,10,2,0.150184,3.302286
41029,10,3,0.206351,2.996615
41029,10,4,0.198312,2.905916
41029,10,5,0.313306,2.401753
41029,10,6,0.349834,2.296762
41029,10,7,0.366435,2.230636
41029,10,8,0.338972,2.341658
41029,10,9,0.388781,2.178595
41029,10,10,0.405672,2.078929
41085,13,2,0.027948,4.713379
41085,13,4,0.180410,3.349388
41085,13,6,0.303867,2.692146
41085,13,8,0.313586,2.673661
41085,13,10,0.348479,2.696785
41085,13,12,0.390993,2.514730
41085,13,13,0.408497,2.402258
41096,3,2,0.752590,1.321997
41096,3,3,0.699439,1.503464
43033,4,2,0.357765,2.735549
43033,4,3,0.549980,1.781153
43033,4,4,0.578089,1.894205
43051,2,2,0.838881,0.742979
45000,39,2,0.126676,4.398633
45000,39,6,0.173372,3.807609
45000,39,10,0.189327,3.660885
45000,39,14,0.170356,3.718655
45000,39,18,0.200771,3.508196
45000,39,22,0.191097,3.571121
45000,39,26,0.196151,3.545132
45000,39,30,0.188373,3.589628
45000,39,34,0.200895,3.525928
45000,39,38,0.186747,3.586931
45000,39,39,0.179839,3.648424
48017,10,2,0.080452,3.978250
48017,10,3,0.162480,3.440706
48017,10,4,0.235318,3.327582
48017,10,5,0.470220,2.380725
48017,10,6,0.467672,2.388842
48017,10,7,0.471871,2.246633
48017,10,8,0.468246,2.251090
48017,10,9,0.370245,2.531126
48017,10,10,0.421599,2.346480
48025,26,2,0.114926,4.047558
48025,26,5,0.112793,3.922209
48025,26,8,0.156041,3.400341
48025,26,11,0.160494,3.435894
48025,26,14,0.164656,3.395690
48025,26,17,0.136480,3.497904
48025,26,20,0.168760,3.249220
48025,26,23,0.176683,3.165825
48025,26,26,0.180525,3.199543
49024,6,2,0.515195,2.835650
49024,6,3,0.575602,2.041881
49024,6,4,0.428413,1.983953
49024,6,5,0.516994,1.627720
49024,6,6,0.654276,1.713756
5096,19,2,0.163058,4.382991
5096,19,4,0.400649,2.745094
5096,19,6,0.507181,2.388120
5096,19,8,0.529463,2.280153
5096,19,10,0.578174,2.125180
5096,19,12,0.576728,2.164645
5096,19,14,0.482316,2.408961
5096,19,16,0.499032,2.367397
5096,19,18,0.505925,2.376240
5096,19,19,0.490343,2.428169
51084,35,2,0.178959,4.220822
51084,35,6,0.270477,3.408359
51084,35,10,0.314204,3.050917
51084,35,14,0.383558,2.678895
51084,35,18,0.375290,2.589110
51084,35,22,0.360160,2.645806
51084,35,26,0.392257,2.533155
51084,35,30,0.361240,2.608871
51084,35,34,0.385309,2.525994
51084,35,35,0.373954,2.547176
6046,23,2,0.062752,5.782244
6046,23,5,0.333472,3.151350
6046,23,8,0.329362,3.123199
6046,23,11,0.389422,2.989041
6046,23,14,0.377654,3.009711
6046,23,17,0.371724,2.958631
6046,23,20,0.411671,2.865165
6046,23,23,0.491678,2.537227
61034,27,2,0.079236,4.831857
61034,27,5,0.196525,3.449745
61034,27,8,0.247839,3.078802
61034,27,11,0.204646,3.287562
61034,27,14,0.196805,3.230785
61034,27,17,0.212631,3.107560
61034,27,20,0.230732,3.084526
61034,27,23,0.224971,3.006510
61034,27,26,0.212921,3.042026
61034,27,27,0.230890,2.971432
64061,17,2,0.172560,3.929183
64061,17,4,0.203092,3.570961
64061,17,6,0.307178,3.112325
64061,17,8,0.263665,3.026825
64061,17,10,0.230621,3.114370
64061,17,12,0.295807,2.938658
64061,17,14,0.246093,3.008787
64061,17,16,0.251896,3.030767
64061,17,17,0.248321,3.057056
65084,33,2,0.082094,5.604979
65084,33,6,0.275746,3.334989
65084,33,10,0.310908,2.933882
65084,33,14,0.347992,2.803718
65084,33,18,0.364961,2.675264
65084,33,22,0.448571,2.489863
65084,33,26,0.448502,2.384796
65084,33,30,0.440175,2.430515
65084,33,33,0.422474,2.475492
69000,9,2,0.224307,3.407946
69000,9,3,0.405486,2.514820
69000,9,4,0.369043,2.748671
69000,9,5,0.521987,2.070542
69000,9,6,0.474356,2.111909
69000,9,7,0.408619,2.345418
69000,9,8,0.449322,2.098555
69000,9,9,0.457262,1.847956
69007,20,2,0.191842,4.137853
69007,20,4,0.179370,3.744380
69007,20,6,0.268294,3.181002
69007,20,8,0.300874,2.982468
69007,20,10,0.352970,2.674308
69007,20,12,0.436833,2.531717
69007,20,14,0.438248,2.465052
69007,20,16,0.440007,2.517146
69007,20,18,0.422040,2.516749
69007,20,20,0.418669,2.463792
69022,3,2,0.459852,2.257380
69022,3,3,0.536092,2.015573
70011,4,2,0.405982,2.369621
70011,4,3,0.386047,2.381276
70011,4,4,0.419929,1.995016
70090,6,2,0.492060,2.675646
70090,6,3,0.483458,2.924074
70090,6,4,0.514251,2.462380
70090,6,5,0.493991,2.447399
70090,6,6,0.544808,2.297294
71076,29,2,0.156946,3.768485
71076,29,5,0.238519,3.195190
71076,29,8,0.183160,3.374676
71076,29,11,0.201597,3.287149
71076,29,14,0.229353,3.126212
71076,29,17,0.239190,3.022222
71076,29,20,0.305515,2.889029
71076,29,23,0.230989,3.023711
71076,29,26,0.254810,2.906438
71076,29,29,0.324033,2.727820
71099,28,2,0.134467,4.622396
71099,28,5,0.179485,3.979884
71099,28,8,0.294237,3.318401
71099,28,11,0.329707,3.119081
71099,28,14,0.322409,2.997836
71099,28,17,0.299093,2.967260
71099,28,20,0.300483,3.001029
71099,28,23,0.300687,2.971268
71099,28,26,0.335228,2.856368
71099,28,28,0.354279,2.745948
77062,11,2,0.219843,3.719750
77062,11,4,0.234606,3.490213
77062,11,6,0.269173,3.314707
77062,11,8,0.266765,3.379016
77062,11,10,0.276993,3.285989
77062,11,11,0.303222,3.146623
78098,21,2,0.129906,4.374446
78098,21,5,0.182194,3.546846
78098,21,8,0.178625,3.444230
78098,21,11,0.211398,3.343760
78098,21,14,0.178563,3.452832
78098,21,17,0.156985,3.409163
78098,21,20,0.177659,3.267579
78098,21,21,0.157206,3.329488
79073,16,2,0.162038,4.136466
79073,16,4,0.266519,3.342182
79073,16,6,0.274870,3.211384
79073,16,8,0.289750,3.084833
79073,16,10,0.301272,2.947549
79073,16,12,0.310332,2.954172
79073,16,14,0.245223,2.961722
79073,16,16,0.244648,3.069673
80085,23,2,0.318673,3.821635
80085,23,5,0.605261,2.508649
80085,23,8,0.534530,2.124543
80085,23,11,0.414206,2.078204
80085,23,14,0.409842,2.153072
80085,23,17,0.399618,2.204695
80085,23,20,0.510030,1.993841
80085,23,23,0.392381,2.262499
80090,15,2,0.148770,3.478250
80090,15,4,0.216754,2.995704
80090,15,6,0.489957,2.842998
80090,15,8,0.259693,2.719395
80090,15,10,0.524964,2.385303
80090,15,12,0.524044,2.396851
80090,15,14,0.581924,2.174793
80090,15,15,0.485084,2.490415
8068,9,2,0.554842,2.257382
8068,9,3,0.689309,1.725862
8068,9,4,0.579901,2.069121
8068,9,5,0.319805,2.191802
8068,9,6,0.621550,1.769805
8068,9,7,0.599582,1.814724
8068,9,8,0.631201,1.657224
8068,9,9,0.563966,1.936642
81066,24,2,0.156000,3.676782
81066,24,5,0.279352,2.843337
81066,24,8,0.327618,2.675069
81066,24,11,0.290680,2.718058
81066,24,14,0.397465,2.508273
81066,24,17,0.274958,2.670355
81066,24,20,0.442226,2.339650
81066,24,23,0.499867,2.137847
81066,24,24,0.298265,2.573948
81090,58,2,0.081129,5.692704
81090,58,8,0.180992,3.937215
81090,58,14,0.256574,3.552314
81090,58,20,0.277256,3.425272
81090,58,26,0.321675,3.325105
81090,58,32,0.332515,3.275213
81090,58,38,0.339274,3.274537
81090,58,44,0.318370,3.290652
81090,58,50,0.320997,3.264741
81090,58,56,0.311063,3.227166
81090,58,58,0.211496,3.426573
81095,25,2,0.138237,4.290235
81095,25,5,0.348754,2.939440
81095,25,8,0.219739,3.185108
81095,25,11,0.279445,2.846449
81095,25,14,0.257617,2.973784
81095,25,17,0.259305,2.938368
81095,25,20,0.275650,2.852080
81095,25,23,0.285633,2.752389
81095,25,25,0.278768,2.801296
87015,6,2,0.304687,2.916314
87015,6,3,0.360857,2.466345
87015,6,4,0.386360,2.358661
87015,6,5,0.375141,2.453514
87015,6,6,0.372622,2.339780
92014,46,2,0.070912,5.244062
92014,46,7,0.139898,3.904401
92014,46,12,0.194823,3.526555
92014,46,17,0.209358,3.448677
92014,46,22,0.217778,3.411405
92014,46,27,0.205325,3.459072
92014,46,32,0.211026,3.329418
92014,46,37,0.169370,3.531133
92014,46,42,0.194620,3.473323
92014,46,46,0.184502,3.513708
94095,24,2,0.067640,5.101329
94095,24,5,0.149470,3.949130
94095,24,8,0.164614,3.875991
94095,24,11,0.158573,3.756826
94095,24,14,0.209916,3.593033
94095,24,17,0.215627,3.536957
94095,24,20,0.188721,3.610005
94095,24,23,0.192879,3.573869
94095,24,24,0.177943,3.647589
97010,19,2,0.305739,3.456342
97010,19,4,0.464248,2.398267
97010,19,6,0.537555,2.094342
97010,19,8,0.585389,1.838916
97010,19,10,0.509659,1.892484
97010,19,12,0.441149,2.041692
97010,19,14,0.564167,1.819484
97010,19,16,0.566290,1.782256
97010,19,18,0.478952,1.894048
97010,19,19,0.589390,1.702323
